,Timestamp,Open,High,Low,Close,PCT_RETURN,LOG_RETURNS,CUM_LOG_RETURNS,Base Volume LINK,Quote Volume USD,HULL_55,HULL_180,HULL_55_TREND,HULL_180_TREND,SMA_20,SMA_50,SMA_100,SMA_200,SMA_Short_Term_Trend,SMA_Long_Term_Trend,SMA_Trend_Strength,EMA_20,EMA_50,EMA_100,EMA_200,EMA_Short_Term_Trend,EMA_Long_Term_Trend,EMA_Trend_Strength
199,2023-03-21,7.077,7.484,6.87,7.4,4.5640808252084275,0.044629911116476455,0.07562679650137084,2212555.33,"16,372,909.44",6.676229022366523,7.063294108148343,Bull,Bull,6.817150000000001,7.1015999999999995,6.704019999999999,6.9638800000000005,Bear,Bull,Moderate,6.957912831299889,6.9693895663828,6.915831890459234,6.899969749511535,Bear,Bull,Neutral
200,2023-03-22,7.403,7.735,7.019,7.196,-2.756756756756762,-0.027954684121837454,0.04767211237953339,3396455.69,"24,440,895.15",6.692614881811311,7.075585685893786,Bull,Bull,6.812950000000001,7.10644,6.708969999999999,6.965554999999999,Bear,Bull,Moderate,6.980587799747519,6.978276250054063,6.9213797738164775,6.902915324143261,Bull,Bull,Neutral
201,2023-03-23,7.187,7.659,7.109,7.623,5.933852140077822,0.057644676917850066,0.10531678929738346,1957109.99,"14,919,049.45",6.7271290343915355,7.09107256742138,Bull,Bull,6.8461,7.1147,6.7159699999999996,6.9678949999999995,Bear,Bull,Moderate,7.041769914057279,7.003559534365669,6.935273243641894,6.910080345793577,Bull,Bull,Neutral
202,2023-03-24,7.622,7.67,7.126,7.2,-5.5489964580873625,-0.057088966984127056,0.048227822313256404,1568457.7,"11,292,895.44",6.76361672335601,7.107190804714009,Bull,Bull,6.8631,7.11674,6.720759999999999,6.966985000000001,Bear,Bull,Moderate,7.056839446051824,7.011263082037604,6.940515357629183,6.912965118472248,Bull,Bull,Neutral
203,2023-03-25,7.2,7.264,6.98,7.082,-1.6388888888888897,-0.016524672332297645,0.03170314998095876,983841.73,"6,967,567.13",6.798390651412079,7.122986990825404,Bull,Bull,6.869850000000001,7.11258,6.726999999999999,6.9691,Bear,Bull,Weak,7.059235689284984,7.014037078820444,6.943317033715733,6.914647057591927,Bull,Bull,Neutral
204,2023-03-26,7.083,7.297,7.058,7.265,2.5840158147415915,0.02551194333253417,0.05721509331349293,590713.68,"4,291,534.89",6.835597223081152,7.1391278175672515,Bull,Bull,6.8902,7.11308,6.740740000000001,6.970009999999999,Bear,Bull,Weak,7.078832290305462,7.023878762003956,6.949686993444134,6.918133156521361,Bull,Bull,Neutral
205,2023-03-27,7.266,7.278,6.756,6.876,-5.354439091534746,-0.0550312095016433,0.0021838838118496268,1380229.45,"9,490,457.70",6.863671511887584,7.153590005418189,Bull,Bull,6.889749999999999,7.1108400000000005,6.749210000000001,6.967355,Bear,Bull,Weak,7.059514929323989,7.0180795948665455,6.948227845059102,6.917713921133089,Bull,Bull,Neutral
206,2023-03-28,6.876,7.048,6.75,6.954,1.1343804537521818,0.011279946065066838,0.013463829876916465,1170852.07,"8,142,105.29",6.885467784992785,7.166779826073858,Bull,Bull,6.90865,7.113159999999999,6.75923,6.96338,Bear,Bull,Weak,7.04946588843599,7.0155666695776615,6.948342145156941,6.918074976644203,Bull,Bull,Neutral
207,2023-03-29,6.953,7.496,6.928,7.383,6.169111302847297,0.05986302649135898,0.07332685636827545,1449739.08,"10,703,423.63",6.914547099395314,7.18055843186556,Bull,Bull,6.969799999999999,7.1169,6.77519,6.960745,Bear,Bull,Weak,7.081231041918277,7.029975819790303,6.956949231391457,6.922701096279584,Bull,Bull,Neutral
208,2023-03-30,7.391,7.557,7.134,7.232,-2.0452390627116346,-0.020664436987153128,0.052662419381122316,1252676.07,"9,059,353.34",6.945667212086856,7.193921651196032,Bull,Bull,7.019449999999999,7.118779999999999,6.78739,6.956754999999999,Bear,Bull,Neutral,7.095589990307013,7.0378983366612715,6.962395781264894,6.925778697311628,Bull,Bull,Neutral
209,2023-03-31,7.234,7.674,7.227,7.591,4.964048672566368,0.04844771194475575,0.10111013132587807,1451285.67,"11,016,709.52",6.989332604961177,7.2085203275316685,Bull,Bull,7.08835,7.130940000000001,6.80342,6.955920000000001,Bear,Bull,Neutral,7.142771895992059,7.0595885979686726,6.974843389556678,6.9323978147513134,Bull,Bull,Neutral
210,2023-04-01,7.592,7.637,7.439,7.55,-0.5401132920563878,-0.005415771773697874,0.0956943595521802,794164.73,"5,995,943.71",7.041828432282005,7.223883484170091,Bull,Bull,7.135600000000001,7.14408,6.8188699999999995,6.958545,Bear,Bull,Neutral,7.181555524945196,7.078820417656176,6.986232629367437,6.938543110126923,Bull,Bull,Neutral
211,2023-04-02,7.549,7.55,7.198,7.26,-3.8410596026490107,-0.039167734424228655,0.05652662512795154,738791.47,"5,363,626.07",7.0928414837146985,7.2384527648587085,Bull,Bull,7.1591499999999995,7.14918,6.832090000000001,6.957555,Bull,Bull,Neutral,7.189026427331368,7.085925499316717,6.991653765419566,6.94174168614556,Bull,Bull,Neutral
212,2023-04-03,7.262,7.441,7.031,7.244,-0.22038567493113392,-0.002206288815537817,0.054320336312413724,1607474.49,"11,644,545.21",7.141623867931011,7.252075717717209,Bull,Bull,7.17215,7.15782,6.8453800000000005,6.95596,Bull,Bull,Neutral,7.194262005680761,7.092124499343513,6.9966507205597726,6.944749231557047,Bull,Bull,Neutral
213,2023-04-04,7.247,7.48,7.202,7.373,1.780784097183874,0.017651138986346557,0.07197147529876027,1135100.84,"8,369,098.49",7.18995606060606,7.265402459074665,Bull,Bull,7.212249999999999,7.17168,6.859210000000001,6.95455,Bull,Bull,Neutral,7.2112846718064025,7.103139224859454,7.004103181538786,6.949010433233097,Bull,Bull,Weak
214,2023-04-05,7.375,7.611,7.217,7.322,-0.6917130069171273,-0.006941164309469037,0.06503031098929124,1400415.54,"10,253,842.58",7.234178710575139,7.278125336987366,Bull,Bull,7.244449999999999,7.18188,6.871950000000001,6.950709999999999,Bull,Bull,Neutral,7.221828988777221,7.1117220003551616,7.010398168042968,6.952721772205902,Bull,Bull,Weak
215,2023-04-06,7.324,7.337,7.12,7.203,-1.6252390057361343,-0.016385908790818568,0.04864440219847267,810647.55,"5,839,094.30",7.27043029100529,7.289784982418873,Bull,Bull,7.243550000000001,7.18028,6.8849800000000005,6.949110000000001,Bull,Bull,Neutral,7.220035751750819,7.1153015297529985,7.014212065705484,6.9552121028307194,Bull,Bull,Weak
216,2023-04-07,7.202,7.314,7.112,7.273,0.971817298347899,0.009671255265177672,0.05831565746365035,575996.89,"4,189,225.38",7.30024538411324,7.300712971864785,Bull,Bull,7.260249999999999,7.185440000000001,6.90099,6.948995,Bull,Bull,Neutral,7.225079965869789,7.1214857834881755,7.019336579255871,6.958374171459269,Bull,Bull,Neutral
217,2023-04-08,7.274,7.299,7.094,7.135,-1.8974288464182587,-0.0191566102436039,0.03915904722004645,425417.48,"3,035,353.72",7.32068143767608,7.310198140135892,Bull,Bull,7.261950000000001,7.175160000000001,6.91636,6.95025,Bull,Bull,Neutral,7.216500921501237,7.122015752763149,7.021626944023081,6.960131642390023,Bull,Bull,Neutral
218,2023-04-09,7.134,7.26,7.054,7.206,0.9950946040644837,0.009901761397101876,0.04906080861714832,574100.78,"4,136,970.22",7.33553936817151,7.318649682518185,Bull,Bull,7.2684,7.15952,6.9337,6.952869999999999,Bull,Bull,Neutral,7.215500833739214,7.125309252654791,7.0252778956265844,6.962578093709525,Bull,Bull,Neutral
219,2023-04-10,7.205,7.381,7.137,7.348,1.970580072162087,0.019514155026977727,0.06857496364412605,892272.02,"6,556,414.80",7.3493146739503885,7.326648194892285,Bull,Bull,7.2658000000000005,7.146319999999999,6.95149,6.954005,Bull,Bull,Neutral,7.228119801954527,7.134042223138917,7.03166843234685,6.966413137553212,Bull,Bull,Neutral
220,2023-04-11,7.348,7.456,7.284,7.31,-0.5171475231355527,-0.005184893591192139,0.06339007005293391,1086194.4,"7,940,081.06",7.361148984745414,7.333903800545141,Bull,Bull,7.271499999999999,7.13214,6.9683,6.9533249999999995,Bull,Bull,Weak,7.235917916054096,7.140942528113861,7.037179948538001,6.969831912303927,Bull,Bull,Neutral
221,2023-04-12,7.311,7.376,7.109,7.235,-1.0259917920656503,-0.010312913678239818,0.053077156374694096,1400488.7,"10,132,535.74",7.369242855424998,7.340131418116083,Bull,Bull,7.2521,7.123959999999999,6.98376,6.951375,Bull,Bull,Weak,7.235830495477516,7.144631056423122,7.041097177279823,6.972470400738714,Bull,Bull,Neutral
222,2023-04-13,7.236,7.552,7.176,7.466,3.192812715964055,0.03142902040894483,0.08450617678363892,1404713.39,"10,487,590.17",7.380351041881399,7.346465479735759,Bull,Bull,7.265400000000001,7.11886,7.00219,6.94936,Bull,Bull,Weak,7.257751400670133,7.1572337600928035,7.049511094561411,6.977381143019921,Bull,Bull,Neutral
223,2023-04-14,7.466,7.91,7.465,7.751,3.817305116528269,0.03746248680698234,0.12196866359062125,3365895.62,"26,089,056.95",7.401571155431868,7.354336750846882,Bull,Bull,7.29885,7.11514,7.02163,6.9484,Bull,Bull,Weak,7.304727457749168,7.180518710677399,7.063401963976037,6.985078843089374,Bull,Bull,Weak
224,2023-04-15,7.752,8.092,7.621,8.015,3.406012127467428,0.03349291876214196,0.1554615823527632,2090861.86,"16,758,257.81",7.437732404830618,7.36495097811679,Bull,Bull,7.33635,7.126180000000001,7.04519,6.948204999999999,Bull,Bull,Weak,7.3723724617730575,7.213243467121423,7.082245489441858,6.995326814799928,Bull,Bull,Weak
225,2023-04-16,8.014,8.198,7.911,8.146,1.6344354335620759,0.01621222316470461,0.1716738055174678,1696283.76,"13,817,927.51",7.4884327715934855,7.378653926807681,Bull,Bull,7.399850000000001,7.141659999999999,7.06952,6.949985000000001,Bull,Bull,Moderate,7.446051274937528,7.249822154685289,7.103309935195484,7.00677629922978,Bull,Bull,Weak
226,2023-04-17,8.144,8.301,7.867,8.165,0.23324330959977324,0.002329717196207295,0.17400352271367509,3318441.82,"27,095,077.46",7.549934990208205,7.39520128816333,Bull,Bull,7.4604,7.15498,7.09289,6.951305,Bull,Bull,Moderate,7.514522582086335,7.285711481952532,7.124333500835177,7.018300913167793,Bull,Bull,Moderate
227,2023-04-18,8.165,8.8,8.031,8.586,5.156154317207617,0.050276243379940654,0.22427976609361575,2829302.05,"24,292,387.40",7.630338851095994,7.416287748993698,Bull,Bull,7.52055,7.181260000000001,7.11914,6.956320000000001,Bull,Bull,Moderate,7.616568050459065,7.3367031885426295,7.153277391907747,7.033899909056671,Bull,Bull,Moderate
228,2023-04-19,8.583,8.602,7.65,7.756,-9.666899604006518,-0.10166623242196345,0.1226135336716523,4056551.98,"31,462,617.16",7.701784085755514,7.4374968368277266,Bull,Bull,7.54675,7.192419999999999,7.136070000000001,6.95812,Bull,Bull,Moderate,7.629847283748679,7.353146200756645,7.165212493058089,7.041084984588446,Bull,Bull,Moderate
229,2023-04-20,7.753,7.97,7.431,7.506,-3.223310985043837,-0.03276403666757628,0.08984949700407602,2886918.65,"21,669,211.39",7.756431645537002,7.457458740121852,Bull,Bull,7.5424999999999995,7.1919,7.149450000000001,6.9601,Bull,Bull,Moderate,7.618052304344042,7.359140467393639,7.171960760522285,7.045711004642293,Bull,Bull,Moderate
230,2023-04-21,7.511,7.606,7.012,7.111,-5.262456701305629,-0.05405981981144827,0.035789677192627746,2502598.57,"17,795,978.43",7.784135820792962,7.4742807598643966,Bull,Bull,7.52055,7.18852,7.15775,6.959,Bull,Bull,Moderate,7.569761608692229,7.349409468672321,7.1707536167495665,7.0463606463871455,Bull,Bull,Moderate
231,2023-04-22,7.111,7.241,7.08,7.178,0.942202221909727,0.00937791182403473,0.04516758901666248,644805.62,"4,628,414.74",7.7900512798048505,7.48834556614063,Bull,Bull,7.516450000000001,7.19288,7.1657,6.956259999999999,Bull,Bull,Moderate,7.532450979292969,7.342687528724388,7.170897109487198,7.047670490701702,Bull,Bull,Weak
232,2023-04-23,7.171,7.175,6.878,7.083,-1.3234884368904964,-0.013323245953929943,0.03184434306273254,833840.42,"5,906,091.69",7.775743527966741,7.499277204890914,Bear,Bull,7.5084,7.19734,7.17048,6.952295,Bull,Bull,Moderate,7.48964612412221,7.33250370406853,7.16915657266567,7.048022028107655,Bull,Bull,Weak
233,2023-04-24,7.083,7.265,6.995,7.072,-0.15530142594946117,-0.001554221436143294,0.030290121626589245,702792.11,"4,970,145.80",7.745343859513501,7.507181548945054,Bear,Bull,7.493350000000001,7.199839999999999,7.17261,6.949475,Bull,Bull,Moderate,7.449870302777237,7.32228787253643,7.167232680137636,7.048260614892654,Bull,Bull,Weak
234,2023-04-25,7.072,7.301,6.952,7.274,2.856334841628949,0.028163021229454882,0.058453142856044124,772855.14,"5,621,748.29",7.7087761148904,7.513125200750585,Bear,Bull,7.490950000000001,7.2081599999999995,7.1783600000000005,6.94783,Bull,Bull,Moderate,7.433120750131786,7.320394230476178,7.169346884491346,7.050506777928549,Bull,Bull,Weak
235,2023-04-26,7.277,7.509,6.8,7.01,-3.629364861149298,-0.03696864551829856,0.021484497337745566,1966400.84,"13,784,469.89",7.664491582491581,7.515891882851192,Bear,Bull,7.4813,7.210660000000001,7.18176,6.94561,Bull,Bull,Moderate,7.392823535833521,7.308221907712406,7.166191500640032,7.050103725411846,Bull,Bull,Neutral
236,2023-04-27,7.007,7.232,6.977,7.173,2.3252496433666225,0.022986276097798682,0.044470773435544245,1167124.68,"8,371,785.33",7.6201035430839,7.516477434791408,Bear,Bull,7.4763,7.2226,7.18544,6.943325000000001,Bull,Bull,Moderate,7.371887960992233,7.302919087802116,7.166326322409536,7.051326573915212,Bull,Bull,Neutral
237,2023-04-28,7.173,7.193,6.96,7.046,-1.7705283702774244,-0.017863897225251425,0.02660687621029282,911957.84,"6,425,654.94",7.57414971311757,7.514553979529196,Bear,Bear,7.471849999999999,7.2403200000000005,7.19255,6.941854999999999,Bull,Bull,Weak,7.340851012326307,7.292843829456935,7.163943622955881,7.051273573179738,Bull,Bull,Neutral
238,2023-04-29,7.047,7.224,6.999,7.19,2.043712744819759,0.020231091813909457,0.04683796802420227,533045.9,"3,832,600.02",7.531369848141276,7.511197816838548,Bear,Bear,7.47105,7.259340000000001,7.19937,6.942139999999999,Bull,Bull,Weak,7.326484249247611,7.288810738105683,7.164459590818141,7.052653935635661,Bull,Bull,Neutral
239,2023-04-30,7.191,7.307,7.021,7.029,-2.23922114047288,-0.022646723539187036,0.024191244485015237,776169.39,"5,455,694.64",7.487363512677798,7.506042106906509,Bear,Bear,7.455099999999999,7.27566,7.200219999999999,6.941585,Bull,Bull,Weak,7.298152415985933,7.278622081709382,7.161777222683128,7.052418573092023,Bull,Bull,Neutral
240,2023-05-01,7.028,7.088,6.8,6.896,-1.8921610470906236,-0.019102914832376312,0.005088329652638925,1148501.71,"7,920,067.79",7.438903065519137,7.49888841298678,Bear,Bear,7.434400000000001,7.281479999999999,7.20065,6.940925,Bull,Bull,Weak,7.259852185892035,7.263617294191367,7.156514307382472,7.0508621693796645,Bear,Bull,Neutral
241,2023-05-02,6.898,7.018,6.802,6.988,1.3341067285382868,0.013252858910418195,0.01834118856305712,523648.57,"3,659,256.21",7.389486982924482,7.490803855060608,Bear,Bear,7.4220500000000005,7.2854600000000005,7.20067,6.941414999999999,Bull,Bull,Weak,7.233961501521365,7.252808772850529,7.153177390404601,7.050236675156981,Bear,Bull,Neutral
242,2023-05-03,6.991,7.155,6.821,7.132,2.06067544361761,0.020397307729083644,0.03873849629214077,941469.96,"6,714,563.75",7.344187849584278,7.482765656366176,Bear,Bear,7.40535,7.2884199999999995,7.201840000000001,6.942635,Bull,Bull,Neutral,7.224250882328854,7.248071173915215,7.152758036139164,7.051050240578305,Bear,Bull,Neutral
243,2023-05-04,7.13,7.163,6.964,7.004,-1.794727986539546,-0.018110285577288616,0.02062821071485215,524890.91,"3,676,335.93",7.298916281866282,7.474297812012662,Bear,Bear,7.367999999999999,7.297079999999999,7.20528,6.941814999999999,Bull,Bull,Neutral,7.203274607821344,7.238499755330305,7.14981233245324,7.0505820789805105,Bear,Bull,Neutral
244,2023-05-05,7.003,7.288,6.9,7.233,3.2695602512849753,0.03217247344353823,0.05280068415839038,1168493.26,"8,451,711.75",7.260486947708375,7.466526314299844,Bear,Bear,7.3289,7.30818,7.208010000000001,6.941344999999999,Bull,Bull,Neutral,7.206105597552645,7.238284078650685,7.15145961299872,7.052397182672247,Bear,Bull,Neutral
245,2023-05-06,7.235,7.29,6.878,6.93,-4.1891331397760245,-0.042794074665331805,0.010006609493058573,841961.87,"5,834,795.76",7.219673570741428,7.458003404503671,Bear,Bear,7.2681,7.30236,7.205619999999999,6.940354999999999,Bear,Bull,Neutral,7.179809826357155,7.226194506938894,7.147074274127458,7.051179300257598,Bear,Bull,Neutral
246,2023-05-07,6.932,6.999,6.87,6.909,-0.303030303030305,-0.003034903695154047,0.006971705797904525,499019.77,"3,447,727.59",7.176990204768776,7.448675338221637,Bear,Bear,7.205299999999999,7.301760000000001,7.20087,6.94102,Bear,Bull,Neutral,7.15401841432314,7.2137555066667804,7.142359932065529,7.04976458085205,Bear,Bull,Neutral
247,2023-05-08,6.908,6.92,6.418,6.587,-4.660587639311043,-0.04772689984810194,-0.04075519405019741,1556658.75,"10,253,711.19",7.124494190201334,7.437079353648464,Bear,Bear,7.10535,7.29148,7.194680000000001,6.94067,Bear,Bull,Weak,7.1000166605780795,7.189176859346515,7.131362705687994,7.045159958157005,Bear,Bull,Neutral
248,2023-05-09,6.591,6.639,6.456,6.528,-0.8957036587217249,-0.008997391996750004,-0.04975258604694741,582450.53,"3,802,237.06",7.062261312100597,7.423234939760555,Bear,Bear,7.043950000000001,7.280500000000001,7.18622,6.939265000000001,Bear,Bull,Weak,7.045538883380168,7.163248355058417,7.1194149293377365,7.040014087926588,Bear,Bull,Weak
249,2023-05-10,6.527,6.702,6.306,6.592,0.9803921568627416,0.009756174945364656,-0.03999641110158276,1614870.22,"10,645,224.49",6.994239084724799,7.407651785329735,Bear,Bear,6.9982500000000005,7.26434,7.18297,6.937875,Bear,Bull,Moderate,7.002344704010628,7.140846458781616,7.108971069350851,7.035556236305428,Bear,Bull,Weak
250,2023-05-11,6.594,6.595,6.219,6.369,-3.3828883495145567,-0.03441432121794177,-0.07441073231952453,951726.99,"6,061,549.20",6.91714763193156,7.389510892559972,Bear,Bear,6.961149999999999,7.247800000000001,7.1771199999999995,6.9343900000000005,Bear,Bull,Moderate,6.942026160771521,7.110577970201946,7.094318176888457,7.028923835944181,Bear,Bull,Weak
251,2023-05-12,6.365,6.641,6.228,6.63,4.097974564295814,0.040162332808542464,-0.03424839951098206,1009940.96,"6,695,908.56",6.841455288428503,7.370316152168584,Bear,Bear,6.933749999999999,7.22794,7.17132,6.93299,Bear,Bull,Moderate,6.912309383555185,7.091731775292065,7.085123757544131,7.024954444541752,Bear,Bull,Weak
252,2023-05-13,6.632,6.639,6.479,6.497,-2.0060331825037747,-0.020264272299377266,-0.05451267181035933,383084.68,"2,488,901.17",6.766873668659383,7.349668154025697,Bear,Bear,6.90445,7.21388,7.165310000000001,6.930165000000001,Bear,Bull,Moderate,6.872756108930882,7.06840896057473,7.073477742543257,7.019701166486611,Bear,Bull,Weak
253,2023-05-14,6.496,6.613,6.445,6.552,0.8465445590272402,0.008429814652374353,-0.04608285715798498,331151.65,"2,169,705.61",6.697551494537208,7.328031977021958,Bear,Bear,6.878449999999999,7.2032799999999995,7.15793,6.927125,Bear,Bull,Moderate,6.842207908080321,7.048157628787486,7.0631514506117075,7.015047423536495,Bear,Bull,Weak
254,2023-05-15,6.554,6.71,6.459,6.638,1.312576312576308,0.013040366747014523,-0.03304249041097045,693715.76,"4,604,885.21",6.637904330722187,7.305933901268288,Bear,Bear,6.8466499999999995,7.19074,7.151909999999999,6.92586,Bear,Bull,Moderate,6.822759535882195,7.032073015893859,7.0547326100055345,7.011295707879416,Bear,Bull,Moderate
255,2023-05-16,6.637,6.728,6.553,6.659,0.3163603495028644,0.003158609830702466,-0.029883880580267988,625471.43,"4,165,014.25",6.589243207586065,7.283602042365651,Bear,Bear,6.8290999999999995,7.1864,7.148619999999999,6.923595000000001,Bear,Bull,Moderate,6.8071633896077,7.017442701545081,7.046896320698495,7.007790277950268,Bear,Bull,Moderate
256,2023-05-17,6.659,6.808,6.55,6.762,1.546778795614956,0.015349381157208922,-0.014534499423059066,995163.91,"6,729,298.36",6.5534573094894535,7.261725097145988,Bear,Bear,6.808549999999999,7.1825600000000005,7.1478600000000005,6.9192149999999994,Bear,Bull,Strong,6.802862114406967,7.007425340700176,7.041254809397534,7.005344603542803,Bear,Bull,Weak
257,2023-05-18,6.761,6.767,6.423,6.531,-3.4161490683229823,-0.03475863336517418,-0.049293132788233246,1231049.57,"8,039,984.74",6.522758389163747,7.2393086014054076,Bear,Bear,6.7828,7.165519999999999,7.14121,6.912955,Bear,Bull,Strong,6.776970484463446,6.988741994006051,7.0311507537659,7.000624756741383,Bear,Bear,Moderate
258,2023-05-19,6.531,6.56,6.461,6.513,-0.2756086357372456,-0.0027598913562555207,-0.052053024144488765,418262.84,"2,724,145.88",6.494950944822373,7.216583073028267,Bear,Bear,6.748950000000001,7.151140000000001,7.1349599999999995,6.90624,Bear,Bull,Strong,6.7518304383240695,6.9700854452215,7.0208903428002385,6.995772769112116,Bear,Bear,Moderate
259,2023-05-20,6.514,6.547,6.475,6.507,-0.09212344541685846,-0.0009216590514174637,-0.05297468319590623,183236.7,"1,192,321.21",6.469504478458049,7.193753625764275,Bear,Bear,6.722849999999999,7.12946,7.130199999999999,6.900365000000001,Bear,Bull,Strong,6.728513253721777,6.951925231683402,7.010714296408155,6.990909358474185,Bear,Bear,Moderate
260,2023-05-21,6.51,6.546,6.361,6.431,-1.1679729522053095,-0.01174847336012084,-0.06472315655602708,303507.88,"1,951,859.18",6.4435212000962,7.170682233412942,Bear,Bear,6.699599999999999,7.10708,7.12558,6.895335,Bear,Bull,Strong,6.700178658129227,6.931496791225229,6.999234805390172,6.985338121076432,Bear,Bear,Moderate
261,2023-05-22,6.432,6.607,6.338,6.535,1.6171668480796209,0.016042299923459236,-0.04868085663256784,718557.38,"4,695,772.48",6.419769144678073,7.147979270281457,Bear,Bear,6.67695,7.092580000000001,7.12088,6.88942,Bear,Bull,Strong,6.6844473573550145,6.915947897451691,6.990042036966604,6.980857144747314,Bear,Bear,Moderate
262,2023-05-23,6.534,6.636,6.475,6.507,-0.4284621270084221,-0.0042938265633383115,-0.052974683195906154,518691.4,"3,375,124.94",6.397727423898853,7.1255356260298095,Bear,Bear,6.6457,7.07784,7.1178300000000005,6.878375,Bear,Bull,Strong,6.6675476090354895,6.899910725002606,6.980476848115781,6.976142148282167,Bear,Bear,Moderate
263,2023-05-24,6.507,6.51,6.206,6.324,-2.8123559243891205,-0.028526601165621446,-0.08150128436152759,949364.59,"6,003,781.67",6.37274500962001,7.102549810044649,Bear,Bear,6.611700000000001,7.0568599999999995,7.11427,6.866675,Bear,Bull,Strong,6.634828789127348,6.877325990688778,6.9674773065689335,6.969653171682346,Bear,Bear,Moderate
264,2023-05-25,6.322,6.346,6.166,6.278,-0.7273877292852671,-0.007300460927463821,-0.08880174528899142,673160.97,"4,226,104.57",6.345507488146773,7.0788714300762745,Bear,Bear,6.56395,7.0359799999999995,7.10893,6.857559999999999,Bear,Bull,Strong,6.600845094924744,6.853823010661768,6.953824290597271,6.962771050571079,Bear,Bear,Moderate
265,2023-05-26,6.278,6.406,6.236,6.345,1.0672188595094,0.010615642746589195,-0.07818610254240221,655788.58,"4,160,978.54",6.318827682436612,7.05495393598502,Bear,Bear,6.534699999999999,7.01882,7.099550000000001,6.84453,Bear,Bull,Strong,6.576478895408101,6.833869167106404,6.94176836405079,6.956624074943506,Bear,Bear,Moderate
266,2023-05-27,6.346,6.443,6.331,6.441,1.513002364066196,0.015016706398402706,-0.06316939614399951,363271.88,"2,339,834.18",6.296068740122313,7.031303197487217,Bear,Bear,6.5113,7.002179999999999,7.0938099999999995,6.83815,Bear,Bull,Strong,6.5635761434644735,6.818462533102232,6.931852158822061,6.951493487133123,Bear,Bear,Moderate
267,2023-05-28,6.439,6.66,6.421,6.635,3.011954665424632,0.029674860219417246,-0.033494535924582264,854574.94,"5,670,104.73",6.28253195389267,7.008868049902189,Bear,Bear,6.5137,6.992179999999999,7.083670000000001,6.84024,Bear,Bull,Strong,6.570378415515476,6.811267923960968,6.9259738982513275,6.948344298206426,Bear,Bear,Moderate
268,2023-05-29,6.637,6.679,6.529,6.641,0.09042954031650563,0.000903886774405814,-0.03259064915017645,793345.67,"5,268,608.59",6.277050437195081,6.987641391363174,Bear,Bear,6.51935,6.98088,7.0702,6.83752,Bear,Bull,Strong,6.577104280704479,6.804590750472303,6.920330850761202,6.945286145985468,Bear,Bear,Moderate
269,2023-05-30,6.641,6.674,6.537,6.614,-0.40656527631380834,-0.004073939998975585,-0.036664589149152035,895467.87,"5,922,624.49",6.278117773826703,6.967456032488076,Bull,Bear,6.520449999999999,6.9662,7.056260000000001,6.835485,Bear,Bull,Strong,6.580618158732624,6.797116603394958,6.914264893320386,6.941989766423423,Bear,Bear,Moderate
270,2023-05-31,6.613,6.637,6.401,6.481,-2.0108859993952177,-0.020313795114022055,-0.05697838426317409,957720.88,"6,206,989.02",6.28169585480657,6.947719729699936,Bull,Bear,6.526050000000001,6.9496199999999995,7.0408800000000005,6.83655,Bear,Bull,Strong,6.571130715043802,6.784719873850057,6.9056853904823585,6.937402803573439,Bear,Bear,Moderate
271,2023-06-01,6.481,6.513,6.319,6.345,-2.098441598518752,-0.021207718279228006,-0.07818610254240209,824006.53,"5,228,321.43",6.283472497938569,6.9277793959250085,Bull,Bear,6.511799999999999,6.93182,7.02789,6.837955000000001,Bear,Bull,Strong,6.549594456468202,6.767475957228487,6.894582709482708,6.931508248314002,Bear,Bear,Moderate
272,2023-06-02,6.344,6.483,6.31,6.452,1.6863672182821254,0.01672305909661158,-0.06146304344579051,623553.97,"4,023,170.21",6.286495488902632,6.908158876721871,Bull,Bear,6.50955,6.91154,7.0152,6.838785000000001,Bear,Bull,Strong,6.5402997463283725,6.7551043510626645,6.885818695433545,6.926737021962619,Bear,Bear,Moderate
273,2023-06-03,6.453,6.462,6.362,6.424,-0.43397396156229506,-0.004349183618501767,-0.06581222706429228,384154.57,"2,467,808.96",6.289509321102178,6.888696941099496,Bull,Bear,6.50315,6.885,7.000070000000001,6.838845,Bear,Bull,Strong,6.529223580011385,6.742119866707267,6.876673770771495,6.921734663535131,Bear,Bear,Moderate
274,2023-06-04,6.423,6.539,6.395,6.451,0.4202988792029849,0.004194180905644032,-0.06161804615864825,526795.06,"3,398,354.93",6.2932566240637655,6.869489805540488,Bull,Bear,6.4938,6.853719999999999,6.98995,6.840235,Bear,Bull,Moderate,6.521773715248396,6.730703401346197,6.868244587191861,6.917050736534781,Bear,Bear,Moderate
275,2023-06-05,6.451,6.493,5.99,6.058,-6.092078747481011,-0.06285544494505907,-0.12447349110370731,1641082.43,"9,941,677.36",6.287407354153781,6.848686849228996,Bear,Bear,6.46375,6.81196,6.9768099999999995,6.83943,Bear,Bear,Moderate,6.4776047899866445,6.70432287580321,6.852200139920734,6.908502968012048,Bear,Bear,Moderate
276,2023-06-06,6.059,6.31,6.007,6.26,3.3344338065368184,0.03280047250696167,-0.09167301859674565,2382693.42,"14,915,660.81",6.279510222119149,6.827398632405985,Bear,Bear,6.43865,6.77386,6.9644200000000005,6.839835000000001,Bear,Bear,Moderate,6.456880524273631,6.686898449301123,6.84047340447676,6.902050202161182,Bear,Bear,Moderate
277,2023-06-07,6.258,6.27,5.832,5.919,-5.447284345047931,-0.05601266940341926,-0.1476856880001649,2609416.59,"15,445,136.80",6.261544264928192,6.804011418589035,Bear,Bear,6.40805,6.720519999999999,6.95089,6.838739999999999,Bear,Bear,Moderate,6.405653807676142,6.656784784622647,6.822226406368309,6.892268608109827,Bear,Bear,Moderate
278,2023-06-08,5.92,6.037,5.886,5.996,1.3008954215239177,0.0129250645317634,-0.1347606234684015,906858.5,"5,437,523.57",6.237585433415788,6.778983200510253,Bear,Bear,6.382199999999999,6.685320000000001,6.9388700000000005,6.8399149999999995,Bear,Bear,Moderate,6.3666391593260325,6.630871655813916,6.805865487430323,6.883350512506745,Bear,Bear,Moderate
279,2023-06-09,5.997,6.082,5.916,5.992,-0.06671114076051143,-0.0006673340254329604,-0.13542795749383446,902731.39,"5,409,166.49",6.208967531608603,6.752393581029565,Bear,Bear,6.356450000000001,6.655039999999999,6.92347,6.840535,Bear,Bear,Moderate,6.3309592393902205,6.605817865389841,6.789749339164375,6.87448135317832,Bear,Bear,Moderate
280,2023-06-10,5.991,6.008,4.926,5.24,-12.550066755674226,-0.1341037478819675,-0.26953170537580196,4885341.55,"25,599,189.72",6.157266428743213,6.720846252535906,Bear,Bear,6.2969,6.61762,6.9030700000000005,6.83466,Bear,Bear,Moderate,6.2270583594482956,6.552256380472592,6.759061233438348,6.858217857126794,Bear,Bear,Strong
281,2023-06-11,5.238,5.256,5.093,5.176,-1.2213740458015265,-0.012288941134351352,-0.2818206465101533,1464445.36,"7,579,969.18",6.086207063835635,6.684598896058035,Bear,Bear,6.228949999999999,6.577579999999999,6.88523,6.827039999999999,Bear,Bear,Moderate,6.126957563310362,6.498285542022686,6.727713486241549,6.841479370986229,Bear,Bear,Strong
282,2023-06-12,5.176,5.2,5.005,5.16,-0.3091190108191699,-0.003095977705128121,-0.2849166242152814,1762615.05,"9,095,093.66",6.001226227410156,6.644171564059494,Bear,Bear,6.1616,6.5391200000000005,6.86823,6.818725,Bear,Bear,Strong,6.0348663668046125,6.445803756061013,6.696669654830825,6.824748232966466,Bear,Bear,Strong
283,2023-06-13,5.16,5.411,5.11,5.3,2.7131782945736482,0.026770241064604832,-0.25814638315067656,1516071.24,"8,035,177.57",5.910272628495842,6.600824840514083,Bear,Bear,6.1104,6.50368,6.85176,6.810994999999999,Bear,Bear,Strong,5.964879093775602,6.40087027543117,6.66901282998269,6.809576608757845,Bear,Bear,Very Strong
284,2023-06-14,5.299,5.507,5.142,5.249,-0.9622641509434038,-0.009669238287913504,-0.26781562143859006,2076488.12,"10,899,486.14",5.816380648319934,6.5547831398864425,Bear,Bear,6.05895,6.4631799999999995,6.83567,6.801480000000001,Bear,Bear,Strong,5.896700132463639,6.3556988920809285,6.640893764042438,6.794048483297568,Bear,Bear,Very Strong
285,2023-06-15,5.25,5.414,5.157,5.305,1.0668698799771503,0.010612189795783853,-0.2572034316428062,1554434.43,"8,246,274.65",5.723956071772144,6.506756172594463,Bear,Bear,6.00695,6.429079999999999,6.819870000000001,6.793515,Bear,Bear,Strong,5.840347738895673,6.314495013960108,6.614440422180212,6.779232080478687,Bear,Bear,Very Strong
286,2023-06-16,5.305,5.395,5.137,5.322,0.3204524033930234,0.003199400489550961,-0.2540040311532552,1204039.01,"6,407,895.61",5.636274975949976,6.457317476018271,Bear,Bear,5.951,6.392059999999999,6.80733,6.784154999999999,Bear,Bear,Strong,5.790981287572276,6.275573640863633,6.588847542533078,6.764732258782382,Bear,Bear,Very Strong
287,2023-06-17,5.323,5.39,5.219,5.281,-0.7703870725291329,-0.007733698830701417,-0.2617377299839566,744553.72,"3,931,988.20",5.554833686353329,6.406723349174251,Bear,Bear,5.8833,6.3567599999999995,6.79854,6.77399,Bear,Bear,Strong,5.742411641136822,6.236570752986627,6.562949571393809,6.7499687537198705,Bear,Bear,Very Strong
288,2023-06-18,5.277,5.3,5.125,5.151,-2.4616549895853046,-0.024924603141347923,-0.28666233312530454,1055756.96,"5,438,204.10",5.4758540378272516,6.354845530483924,Bear,Bear,5.8088,6.31598,6.78766,6.761385000000001,Bear,Bear,Very Strong,5.6860867229333145,6.193999350908721,6.534990173940467,6.734058616866937,Bear,Bear,Very Strong
289,2023-06-19,5.15,5.19,4.996,5.133,-0.34944670937681055,-0.0035005870052819583,-0.2901629201305865,1120982.6,"5,754,003.69",5.399105631141345,6.301983737495783,Bear,Bear,5.73475,6.278059999999999,6.77686,6.7486500000000005,Bear,Bear,Very Strong,5.633411796939665,6.152391533226026,6.507227992278279,6.718127685355824,Bear,Bear,Very Strong
290,2023-06-20,5.131,5.282,5.0,5.268,2.630040911747522,0.02596050030286855,-0.2642024198277179,1400269.13,"7,376,617.78",5.328404963753178,6.249254450249592,Bear,Bear,5.6741,6.245500000000001,6.763490000000001,6.7369449999999995,Bear,Bear,Very Strong,5.598610673421602,6.117709512315201,6.482688824114353,6.703698554158254,Bear,Bear,Very Strong
291,2023-06-21,5.269,5.588,5.244,5.556,5.46697038724373,0.05322764101106267,-0.21097477881665525,2061121.5,"11,451,591.05",5.27132383786848,6.198288250322522,Bear,Bear,5.63465,6.2168600000000005,6.751160000000001,6.728525000000001,Bear,Bear,Very Strong,5.594552514048116,6.09568168830284,6.464338550369514,6.692278668047226,Bear,Bear,Very Strong
292,2023-06-22,5.56,5.826,5.508,5.561,0.08999280057595538,0.0008995233133296134,-0.21007525550332562,2721786.55,"15,135,855.00",5.226195159073731,6.149312681451671,Bear,Bear,5.5901000000000005,6.18544,6.73693,6.719094999999999,Bear,Bear,Very Strong,5.5913570365197245,6.074713778957632,6.446450658282989,6.681022163887553,Bear,Bear,Very Strong
293,2023-06-23,5.562,6.157,5.553,6.081,9.350836180543087,0.08939120793254592,-0.1206840475707797,2058187.81,"12,515,840.07",5.205536045832474,6.104933269306937,Bear,Bear,5.5729500000000005,6.16698,6.73203,6.713125,Bear,Bear,Very Strong,5.6379896997083225,6.0749602974298815,6.4392140115843155,6.6750517940976275,Bear,Bear,Very Strong
294,2023-06-24,6.072,6.198,5.926,6.138,0.9373458312777361,0.009329800059571612,-0.1113542475112081,925459.16,"5,680,468.32",5.207109954992098,6.065070594582596,Bull,Bear,5.5573,6.14508,6.72663,6.7081550000000005,Bear,Bear,Very Strong,5.68560972830753,6.07743244262871,6.433249377691556,6.669707995151383,Bear,Bear,Strong
295,2023-06-25,6.138,6.378,6.062,6.162,0.3910068426197455,0.0039024439769317454,-0.10745180353427634,1166112.2,"7,185,583.38",5.2277765933140925,6.029456042703239,Bull,Bear,5.5625,6.12972,6.71604,6.70455,Bear,Bear,Very Strong,5.73098023037348,6.080748817427584,6.427878102885782,6.664656174304106,Bear,Bear,Strong
296,2023-06-26,6.162,6.259,6.007,6.061,-1.6390782213567046,-0.016526597205328224,-0.12397840073960456,983135.65,"5,958,785.17",5.260562111763898,5.997192983827942,Bull,Bear,5.55255,6.11276,6.70726,6.699855,Bear,Bear,Very Strong,5.7624106846236245,6.079974353999052,6.420613189957351,6.658649645206554,Bear,Bear,Strong
297,2023-06-27,6.061,6.263,6.047,6.198,2.2603530770499924,0.022351856396408524,-0.10162654434319604,1170983.42,"7,257,755.24",5.3053953007970875,5.968609080991795,Bull,Bear,5.5665,6.10498,6.69823,6.696525,Bear,Bear,Very Strong,5.803895381326136,6.084602810704972,6.416205007977997,6.654066066647284,Bear,Bear,Moderate
298,2023-06-28,6.198,6.205,5.716,5.816,-6.163278476928047,-0.06361391913433831,-0.16524046347753435,1211273.43,"7,044,766.27",5.3480642187177905,5.941547455167623,Bull,Bear,5.5575,6.090739999999999,6.68562,6.691325000000001,Bear,Bear,Very Strong,5.805048202152218,6.0740693671479145,6.404319760295264,6.645727100809998,Bear,Bear,Moderate
299,2023-06-29,5.816,6.184,5.788,5.893,1.3239339752407098,0.013152465624557996,-0.15208799785297636,1154592.25,"6,804,012.13",5.3896268363911215,5.91618166993322,Bull,Bear,5.552549999999999,6.07676,6.67055,6.687284999999999,Bear,Bear,Very Strong,5.813424563852006,6.066968607651917,6.394194616527041,6.638237278911391,Bear,Bear,Moderate
